index,prenoms,sexe,nombre_prenoms_sexe,nombre_prenoms,proportion
0,aaliyah,F,26,26,1.0
1,aaron,M,1042,1042,1.0
2,abd,M,5,5,1.0
3,abdallah,M,80,80,1.0
4,abdel,M,19,19,1.0
5,abdelkader,M,36,36,1.0
6,abdellah,M,6,6,1.0
7,abderrahmane,M,17,17,1.0
8,abdou,M,21,21,1.0
9,abdoul,M,42,42,1.0
10,abdoulaye,M,173,173,1.0
11,abdourahmane,M,5,5,1.0
12,abel,M,325,325,1.0
13,abigail,F,19,19,1.0
14,abigaël,F,50,50,1.0
15,abigaëlle,F,11,11,1.0
16,abigaïl,F,5,5,1.0
17,aboubacar,M,105,105,1.0
18,aboubakar,M,43,43,1.0
19,abraham,M,13,13,1.0
20,aby,F,17,17,1.0
21,achille,M,434,434,1.0
22,achraf,M,5,5,1.0
23,ada,F,12,12,1.0
24,adam,M,3231,3231,1.0
25,adama,M,155,155,1.0
26,adame,M,46,46,1.0
27,adel,M,174,174,1.0
28,adelaïde,F,74,74,1.0
29,adelie,F,36,36,1.0
30,adeline,F,34,34,1.0
31,adem,M,233,233,1.0
32,aden,M,5,5,1.0
33,adib,M,5,5,1.0
34,adil,M,43,43,1.0
35,adja,F,18,18,1.0
36,adrian,M,140,140,1.0
37,adriana,F,90,90,1.0
38,adriano,M,7,7,1.0
39,adrien,M,1784,1784,1.0
40,adèle,F,1262,1262,1.0
41,agathe,F,1269,1269,1.0
42,aglae,F,14,14,1.0
43,agnès,F,72,72,1.0
44,ahmad,M,13,13,1.0
45,ahmed,M,388,388,1.0
46,aicha,F,5,5,1.0
47,aidan,M,5,5,1.0
48,aiden,M,5,5,1.0
49,aimee,F,31,31,1.0
50,aissatou,F,5,5,1.0
51,akram,M,20,20,1.0
52,aksel,M,102,102,1.0
53,aksil,M,15,15,1.0
54,alain,M,6,6,1.0
55,alan,M,228,228,1.0
56,alana,F,5,5,1.0
57,alassane,M,52,52,1.0
58,alaïs,F,5,5,1.0
59,alba,F,43,43,1.0
60,alban,M,394,394,1.0
61,albane,F,311,311,1.0
62,albert,M,84,84,1.0
63,albertine,F,7,7,1.0
64,albin,M,5,5,1.0
65,alec,M,19,19,1.0
66,aleksandar,M,7,7,1.0
67,aleksandra,F,13,13,1.0
68,alessandro,M,103,103,1.0
69,alessia,F,13,13,1.0
70,alessio,M,24,24,1.0
71,alex,M,409,409,1.0
72,alexander,M,87,87,1.0
73,alexandra,F,440,440,1.0
74,alexandre,M,3785,3785,1.0
75,alexane,F,25,25,1.0
76,alexi,M,5,5,1.0
77,alexia,F,371,371,1.0
78,alexis,M,1968,1968,1.0
79,alexy,M,13,13,1.0
80,alfred,M,43,43,1.0
81,ali,M,384,384,1.0
82,alia,F,43,43,1.0
83,alice,F,2579,2579,1.0
84,alicia,F,1004,1004,1.0
85,alienor,F,205,205,1.0
86,alima,F,18,18,1.0
87,alina,F,18,18,1.0
88,aline,F,89,89,1.0
89,aliou,M,8,8,1.0
90,alisha,F,9,9,1.0
91,alison,F,5,5,1.0
92,alissa,F,23,23,1.0
93,alistair,M,24,24,1.0
94,alix,F,989,1001,0.988011988012
96,alixe,F,12,12,1.0
97,aliya,F,136,136,1.0
98,aliyah,F,68,68,1.0
99,alizee,F,19,19,1.0
100,alizée,F,47,47,1.0
101,aliénor,F,11,11,1.0
102,allan,M,103,103,1.0
103,allegra,F,6,6,1.0
104,alma,F,224,224,1.0
105,alon,M,15,15,1.0
106,alone,M,27,27,1.0
107,aloys,M,27,27,1.0
108,aloïs,M,93,93,1.0
109,alpha,M,32,32,1.0
110,alphonse,M,12,12,1.0
111,alwena,F,13,13,1.0
112,aly,M,25,25,1.0
113,alya,F,152,152,1.0
114,alyah,F,8,8,1.0
115,alycia,F,109,109,1.0
116,alyssa,F,242,242,1.0
117,alyssia,F,34,34,1.0
118,alysson,F,6,6,1.0
119,amadou,M,97,97,1.0
120,amalia,F,70,70,1.0
121,amanda,F,13,13,1.0
122,amandine,F,641,641,1.0
123,amani,M,8,8,1.0
124,amar,M,6,6,1.0
125,amara,M,37,37,1.0
126,amaury,M,489,489,1.0
127,amaya,F,10,10,1.0
128,amaël,M,10,10,1.0
129,amaïa,F,6,6,1.0
130,ambre,F,1357,1357,1.0
131,ambrine,F,34,34,1.0
132,ambroise,M,167,167,1.0
133,amel,F,197,197,1.0
134,amelia,F,101,101,1.0
135,amelie,F,274,274,1.0
136,amicie,F,28,28,1.0
137,amin,M,43,43,1.0
138,amina,F,276,276,1.0
139,aminata,F,336,336,1.0
140,amine,M,870,870,1.0
141,amir,M,335,335,1.0
142,amira,F,196,196,1.0
143,amos,M,6,6,1.0
144,amy,F,95,95,1.0
145,amélia,F,32,32,1.0
146,amélie,F,274,274,1.0
147,ana,F,290,290,1.0
148,anabelle,F,5,5,1.0
149,anae,F,90,90,1.0
150,anael,F,7,7,1.0
151,anaelle,F,37,37,1.0
152,anas,M,236,236,1.0
153,anass,M,10,10,1.0
154,anastasia,F,139,139,1.0
155,anatole,M,390,390,1.0
156,anaé,F,106,106,1.0
157,anaël,F,28,34,0.823529411765
159,anaëlle,F,504,504,1.0
160,anaïs,F,2260,2260,1.0
161,andre,M,96,96,1.0
162,andrea,F,526,538,0.977695167286
164,andreas,M,62,62,1.0
165,andrei,M,6,6,1.0
166,andrew,M,7,7,1.0
167,andréa,F,114,129,0.883720930233
169,andy,M,172,172,1.0
170,ange,M,133,133,1.0
172,angel,M,62,122,0.508196721311
173,angela,F,71,71,1.0
174,angelina,F,243,243,1.0
175,angeline,F,5,5,1.0
176,angelique,F,60,60,1.0
177,angelo,M,118,118,1.0
178,angie,F,16,16,1.0
179,angèle,F,388,388,1.0
180,angélina,F,17,17,1.0
181,ania,F,54,54,1.0
182,anis,M,377,377,1.0
183,anissa,F,258,258,1.0
184,anita,F,16,16,1.0
185,anna,F,2007,2007,1.0
186,annabelle,F,73,73,1.0
187,annaëlle,F,43,43,1.0
188,anne,F,106,106,1.0
189,anne-laure,F,6,6,1.0
190,anne-sophie,F,7,7,1.0
191,anouck,F,50,50,1.0
192,anouk,F,609,609,1.0
193,anselme,M,42,42,1.0
194,anthony,M,514,514,1.0
195,antoine,M,3315,3315,1.0
196,anton,M,267,267,1.0
197,antoni,M,5,5,1.0
198,antonia,F,11,11,1.0
199,antonin,M,827,827,1.0
200,antonio,M,11,11,1.0
201,antony,M,62,62,1.0
202,anya,F,44,44,1.0
203,apolline,F,826,826,1.0
204,appoline,F,7,7,1.0
205,archibald,M,13,13,1.0
206,arda,M,17,17,1.0
207,ari,M,44,44,1.0
208,ariane,F,193,193,1.0
209,arie,M,38,38,1.0
210,ariel,M,138,138,1.0
211,arielle,F,21,21,1.0
212,arij,F,5,5,1.0
213,aris,M,12,12,1.0
214,aristide,M,45,45,1.0
215,arman,M,6,6,1.0
216,armance,F,17,17,1.0
217,armand,M,466,466,1.0
218,armel,M,25,25,1.0
219,armelle,F,5,5,1.0
220,arnaud,M,257,257,1.0
221,arno,M,12,12,1.0
222,aron,M,15,15,1.0
223,arsène,M,262,262,1.0
224,artemis,F,5,5,1.0
225,arthur,M,4018,4018,1.0
226,arthus,M,71,71,1.0
227,arto,M,6,6,1.0
228,artus,M,42,42,1.0
229,arwa,F,5,5,1.0
230,arwen,F,24,24,1.0
231,ashley,F,120,120,1.0
232,asia,F,5,5,1.0
233,asma,F,182,182,1.0
234,asmaa,F,5,5,1.0
235,assa,F,98,98,1.0
236,assetou,F,7,7,1.0
237,assia,F,379,379,1.0
238,assil,F,13,13,1.0
239,assya,F,22,22,1.0
240,astou,F,5,5,1.0
241,astrid,F,219,219,1.0
242,athena,F,6,6,1.0
243,athenaïs,F,55,55,1.0
244,aubane,F,5,5,1.0
245,aubin,M,106,106,1.0
246,aude,F,97,97,1.0
247,audrey,F,331,331,1.0
248,auguste,M,218,218,1.0
249,augustin,M,1089,1089,1.0
250,augustine,F,60,60,1.0
251,aurel,M,11,11,1.0
252,aurelia,F,46,46,1.0
253,aurelie,F,105,105,1.0
254,aurelien,M,496,496,1.0
255,auriane,F,94,94,1.0
256,aurore,F,333,333,1.0
257,aurèle,M,169,169,1.0
258,aurélie,F,54,54,1.0
259,aurélien,M,215,215,1.0
260,auxence,M,6,6,1.0
261,ava,F,538,538,1.0
262,avi,M,23,23,1.0
263,aviel,M,7,7,1.0
264,avital,F,7,7,1.0
265,avril,F,38,38,1.0
266,awa,F,214,214,1.0
267,axel,M,1887,1887,1.0
268,axelle,F,396,396,1.0
269,aya,F,639,639,1.0
270,ayah,F,5,5,1.0
271,aydan,M,23,23,1.0
272,ayden,M,21,21,1.0
273,ayem,F,5,5,1.0
274,aylan,M,51,51,1.0
275,aylin,F,23,23,1.0
276,ayline,F,6,6,1.0
277,ayman,M,92,92,1.0
278,aymane,M,31,31,1.0
279,aymen,M,207,207,1.0
280,aymeric,M,271,271,1.0
281,ayoub,M,451,451,1.0
282,aziliz,F,7,7,1.0
283,aziz,M,13,13,1.0
284,aïcha,F,304,304,1.0
285,aïda,F,50,50,1.0
286,aïdan,M,24,24,1.0
287,aïna,F,5,5,1.0
288,aïsha,F,6,6,1.0
289,aïssa,F,11,11,1.0
290,aïssata,F,97,97,1.0
291,aïssatou,F,117,117,1.0
292,badis,M,26,26,1.0
293,bafode,M,5,5,1.0
294,bahia,F,12,12,1.0
295,bakary,M,84,84,1.0
296,balthazar,M,166,166,1.0
297,baptiste,M,2227,2227,1.0
298,barbara,F,54,54,1.0
299,barnabe,M,37,37,1.0
300,barthelemy,M,18,18,1.0
301,basil,M,5,5,1.0
302,basile,M,548,548,1.0
303,bastian,M,14,14,1.0
304,bastien,M,690,690,1.0
305,batiste,M,5,5,1.0
306,baudouin,M,29,29,1.0
307,baya,F,19,19,1.0
308,beatrice,F,30,30,1.0
309,bella,F,5,5,1.0
310,ben,M,76,76,1.0
311,benedicte,F,15,15,1.0
312,benjamin,M,1460,1460,1.0
313,benoit,M,6,6,1.0
314,benoît,M,162,162,1.0
315,berenice,F,240,240,1.0
316,bertille,F,127,127,1.0
317,beryl,F,6,6,1.0
318,bettina,F,17,17,1.0
319,betty,F,6,6,1.0
320,bianca,F,133,133,1.0
321,bilal,M,308,308,1.0
322,bilel,M,109,109,1.0
323,billie,F,19,19,1.0
324,binta,F,56,56,1.0
325,bintou,F,165,165,1.0
326,blaise,M,12,12,1.0
327,blanche,F,363,363,1.0
328,blandine,F,61,61,1.0
329,blessing,F,6,6,1.0
330,bleuenn,F,17,17,1.0
331,bogdan,M,5,5,1.0
332,bonnie,F,12,12,1.0
333,boris,M,45,45,1.0
334,boubacar,M,89,89,1.0
335,boubou,M,12,12,1.0
336,bouchra,F,6,6,1.0
337,bradley,M,5,5,1.0
338,brahim,M,35,35,1.0
339,brandon,M,21,21,1.0
340,brayan,M,27,27,1.0
341,briac,M,31,31,1.0
342,brian,M,11,11,1.0
343,brice,M,46,46,1.0
344,brieuc,M,60,60,1.0
345,brune,F,140,140,1.0
346,bruno,M,64,64,1.0
347,bryan,M,167,167,1.0
348,bérénice,F,17,17,1.0
349,calista,F,11,11,1.0
350,calixte,M,92,92,1.0
351,calvin,M,25,25,1.0
352,camelia,F,152,152,1.0
353,cameron,M,61,61,1.0
354,camil,M,49,49,1.0
355,camila,F,30,30,1.0
356,camilia,F,27,27,1.0
357,camille,F,4017,4239,0.94762915782
359,camélia,F,48,48,1.0
360,candice,F,418,418,1.0
361,capucine,F,935,935,1.0
362,carine,F,9,9,1.0
363,carl,M,54,54,1.0
364,carla,F,795,795,1.0
365,carlotta,F,8,8,1.0
366,carmen,F,87,87,1.0
367,caroline,F,220,220,1.0
368,cassandra,F,245,245,1.0
369,cassandre,F,260,260,1.0
370,cassie,F,25,25,1.0
371,cassiopee,F,11,11,1.0
372,castille,F,40,40,1.0
373,catherine,F,84,84,1.0
374,cecile,F,158,158,1.0
375,cecilia,F,73,73,1.0
376,cedric,M,101,101,1.0
377,celeste,F,310,310,1.0
378,celestin,M,62,62,1.0
379,celestine,F,52,52,1.0
380,celia,F,435,435,1.0
381,celian,M,57,57,1.0
382,celina,F,21,21,1.0
383,celine,F,263,263,1.0
384,cerise,F,19,19,1.0
385,cesar,M,259,259,1.0
386,chahine,M,27,27,1.0
387,chahinez,F,31,31,1.0
388,chanel,F,6,6,1.0
389,charles,M,942,942,1.0
390,charlie,F,370,471,0.785562632696
392,charline,F,317,317,1.0
393,charlize,F,10,10,1.0
394,charlotte,F,2109,2109,1.0
395,charly,M,150,150,1.0
396,charlène,F,41,41,1.0
397,chayma,F,33,33,1.0
398,chaï,M,7,7,1.0
399,chaïma,F,225,225,1.0
400,cheick,M,64,64,1.0
401,cheick-oumar,M,6,6,1.0
402,cheikh,M,28,28,1.0
403,chelsea,F,12,12,1.0
404,chiara,F,556,556,1.0
405,chirine,F,15,15,1.0
406,chloe,F,2147,2147,1.0
407,chloé,F,1783,1783,1.0
408,chris,M,72,72,1.0
409,christ,M,7,7,1.0
410,christelle,F,49,49,1.0
411,christian,M,136,136,1.0
412,christina,F,29,29,1.0
413,christine,F,81,81,1.0
414,christophe,M,106,106,1.0
415,christopher,M,90,90,1.0
416,cindy,F,91,91,1.0
417,claire,F,475,475,1.0
418,clara,F,2748,2748,1.0
419,clarence,M,61,61,1.0
420,clarisse,F,408,408,1.0
421,claudia,F,55,55,1.0
422,clea,F,83,83,1.0
423,clelia,F,67,67,1.0
424,clelie,F,6,6,1.0
425,clemence,F,978,978,1.0
426,clement,M,1287,1287,1.0
427,clementine,F,340,340,1.0
428,cleo,F,125,125,1.0
429,cleophee,F,49,49,1.0
430,cloe,F,87,87,1.0
431,clothilde,F,68,68,1.0
432,clotilde,F,159,159,1.0
433,clovis,M,174,174,1.0
434,cloé,F,153,153,1.0
435,cléa,F,81,81,1.0
436,clélia,F,25,25,1.0
437,clémence,F,876,876,1.0
438,clément,M,1771,1771,1.0
439,clémentine,F,291,291,1.0
440,cléo,F,25,25,1.0
441,colette,F,89,89,1.0
442,colin,M,119,119,1.0
443,coline,F,385,385,1.0
444,colombe,F,164,164,1.0
445,constance,F,632,632,1.0
446,constant,M,29,29,1.0
447,constantin,M,134,134,1.0
448,coralie,F,175,175,1.0
449,coraline,F,6,6,1.0
450,corentin,M,810,810,1.0
451,corto,M,13,13,1.0
452,cosima,F,5,5,1.0
453,coumba,F,89,89,1.0
454,curtis,M,33,33,1.0
455,cynthia,F,37,37,1.0
456,cyprien,M,217,217,1.0
457,cyrian,M,6,6,1.0
458,cyriaque,M,6,6,1.0
459,cyrielle,F,42,42,1.0
460,cyril,M,107,107,1.0
461,cyrille,M,7,7,1.0
462,cyrine,F,24,24,1.0
463,cyrus,M,12,12,1.0
464,cécile,F,56,56,1.0
465,cécilia,F,10,10,1.0
466,céleste,F,71,71,1.0
467,célia,F,600,600,1.0
468,célian,M,67,67,1.0
469,céline,F,21,21,1.0
470,césar,M,11,11,1.0
471,côme,M,640,640,1.0
472,dahlia,F,24,24,1.0
473,dalia,F,40,40,1.0
474,dalla,F,5,5,1.0
475,damian,M,29,29,1.0
476,damien,M,400,400,1.0
477,dan,M,152,152,1.0
478,dana,F,53,53,1.0
479,danae,F,22,22,1.0
480,dani,M,6,6,1.0
481,daniel,M,438,438,1.0
482,daniela,F,20,20,1.0
483,danny,M,7,7,1.0
484,dany,M,48,48,1.0
485,danyl,M,5,5,1.0
486,daouda,M,35,35,1.0
487,daphne,F,341,341,1.0
488,daphnee,F,47,47,1.0
489,daphné,F,86,86,1.0
490,daria,F,42,42,1.0
491,darine,F,13,13,1.0
492,dario,M,23,23,1.0
493,darius,M,91,91,1.0
494,darren,M,5,5,1.0
495,david,M,954,954,1.0
496,davon,M,6,6,1.0
497,dayane,M,5,5,1.0
498,deborah,F,98,98,1.0
499,delphine,F,69,69,1.0
500,demba,M,38,38,1.0
501,denis,M,35,35,1.0
502,diana,F,117,117,1.0
503,diane,F,688,688,1.0
504,diego,M,537,537,1.0
505,dilan,M,6,6,1.0
506,dimitri,M,278,278,1.0
507,dina,F,175,175,1.0
508,divine,F,37,37,1.0
509,djeneba,F,61,61,1.0
510,djibril,M,252,252,1.0
511,domitille,F,129,129,1.0
512,dora,F,24,24,1.0
513,dorian,M,715,715,1.0
514,doriane,F,26,26,1.0
515,dounia,F,186,186,1.0
516,dov,M,5,5,1.0
517,driss,M,5,5,1.0
518,dune,F,12,12,1.0
519,dylan,M,715,715,1.0
520,dyna,F,5,5,1.0
521,déborah,F,8,8,1.0
522,eddy,M,26,26,1.0
523,eden,F,563,628,0.896496815287
525,edgar,M,378,378,1.0
526,edgard,M,6,6,1.0
527,edouard,M,429,429,1.0
528,eduardo,M,8,8,1.0
529,edward,M,5,5,1.0
530,edwin,M,9,9,1.0
531,efe,M,7,7,1.0
532,eglantine,F,56,56,1.0
533,eileen,F,6,6,1.0
534,el,M,41,41,1.0
535,ela,F,46,46,1.0
536,elaïa,F,5,5,1.0
537,elea,F,204,204,1.0
538,eleanor,F,12,12,1.0
539,eleanore,F,6,6,1.0
540,elena,F,500,500,1.0
541,eleonore,F,561,561,1.0
542,eli,M,20,20,1.0
543,elia,F,177,177,1.0
544,eliahou,M,6,6,1.0
545,elian,M,41,41,1.0
546,eliana,F,12,12,1.0
547,eliane,F,6,6,1.0
548,elias,M,854,854,1.0
549,eliaz,M,6,6,1.0
550,elie,M,495,495,1.0
551,eliel,M,14,14,1.0
552,eliette,F,7,7,1.0
553,elif,F,19,19,1.0
554,elijah,M,77,77,1.0
555,elina,F,231,231,1.0
556,eline,F,97,97,1.0
557,elio,M,140,140,1.0
558,elior,M,13,13,1.0
559,eliot,M,463,463,1.0
560,eliott,M,1071,1071,1.0
561,elisa,F,1328,1328,1.0
562,elisabeth,F,163,163,1.0
563,elise,F,1275,1275,1.0
564,elissa,F,51,51,1.0
565,eliza,F,6,6,1.0
566,elizabeth,F,20,20,1.0
567,ella,F,357,357,1.0
568,ellie,F,33,33,1.0
569,elliot,M,338,338,1.0
570,elliott,M,94,94,1.0
571,elly,F,29,29,1.0
572,eloan,M,7,7,1.0
573,eloane,F,38,38,1.0
574,elodie,F,339,339,1.0
575,eloi,M,197,197,1.0
576,elona,F,14,14,1.0
577,elone,M,5,5,1.0
578,elora,F,62,62,1.0
579,elouan,M,373,373,1.0
580,elouann,M,6,6,1.0
581,elouen,M,6,6,1.0
582,eloïse,F,778,778,1.0
583,elsa,F,1090,1090,1.0
584,elvire,F,23,23,1.0
585,elya,F,125,125,1.0
586,elyas,M,102,102,1.0
587,elyes,M,153,153,1.0
588,elyne,F,18,18,1.0
589,elyssa,F,44,44,1.0
590,elyès,M,7,7,1.0
591,eléa,F,176,176,1.0
592,eléna,F,88,88,1.0
593,eléonore,F,108,108,1.0
594,ema,F,148,148,1.0
595,emeline,F,146,146,1.0
596,emi,F,6,6,1.0
597,emie,F,26,26,1.0
598,emil,M,19,19,1.0
599,emile,M,461,461,1.0
600,emilia,F,68,68,1.0
601,emilie,F,1315,1315,1.0
602,emilien,M,186,186,1.0
603,emilio,M,33,33,1.0
604,emily,F,78,78,1.0
605,emir,M,43,43,1.0
606,emma,F,4570,4570,1.0
607,emmanuel,M,358,358,1.0
608,emmanuelle,F,125,125,1.0
609,emmie,F,28,28,1.0
610,emmy,F,267,267,1.0
611,emna,F,53,53,1.0
612,emy,F,241,241,1.0
613,enes,M,15,15,1.0
614,enguerrand,M,57,57,1.0
615,ennio,M,5,5,1.0
616,enola,F,91,91,1.0
617,enora,F,492,492,1.0
618,enzo,M,3463,3463,1.0
619,ephraïm,M,7,7,1.0
620,eric,M,203,203,1.0
621,erika,F,15,15,1.0
622,erin,F,45,45,1.0
623,erine,F,17,17,1.0
624,ernest,M,90,90,1.0
625,erwan,M,590,590,1.0
626,erwann,M,80,80,1.0
627,esteban,M,887,887,1.0
628,estelle,F,324,324,1.0
629,esther,F,497,497,1.0
630,estéban,M,58,58,1.0
631,ethan,M,2180,2180,1.0
632,ethann,M,5,5,1.0
633,ethel,F,108,108,1.0
634,etienne,M,463,463,1.0
635,eugenie,F,266,266,1.0
636,eugène,M,59,59,1.0
637,eugénie,F,44,44,1.0
638,eulalie,F,79,79,1.0
639,eunice,F,5,5,1.0
640,eurydice,F,12,12,1.0
641,eva,F,2584,2584,1.0
642,evan,M,1238,1238,1.0
643,evann,M,110,110,1.0
644,evans,M,5,5,1.0
645,eve,F,338,338,1.0
646,evy,F,6,6,1.0
647,ewan,M,233,233,1.0
648,ewen,M,534,534,1.0
649,ewenn,M,29,29,1.0
650,eya,F,51,51,1.0
651,eyal,M,93,93,1.0
652,eytan,M,56,56,1.0
653,eythan,M,12,12,1.0
654,ezio,M,29,29,1.0
655,fabien,M,91,91,1.0
656,fabio,M,83,83,1.0
657,fabrice,M,7,7,1.0
658,fadi,M,12,12,1.0
659,fady,M,5,5,1.0
660,fanny,F,425,425,1.0
661,fanta,F,167,167,1.0
662,fantine,F,37,37,1.0
663,farah,F,229,229,1.0
664,fares,M,107,107,1.0
665,farouk,M,5,5,1.0
666,farès,M,96,96,1.0
667,fatim,F,34,34,1.0
668,fatima,F,223,223,1.0
669,fatimata,F,18,18,1.0
670,fatma,F,16,16,1.0
671,fatou,F,127,127,1.0
672,fatouma,F,12,12,1.0
673,fatoumata,F,488,488,1.0
674,faustine,F,705,705,1.0
675,fayçal,M,5,5,1.0
676,federico,M,5,5,1.0
677,felicie,F,67,67,1.0
678,felicien,M,5,5,1.0
679,felix,M,573,573,1.0
680,ferdinand,M,122,122,1.0
681,feriel,F,15,15,1.0
682,feryel,F,5,5,1.0
683,filip,M,46,46,1.0
684,filipe,M,6,6,1.0
685,fiona,F,117,117,1.0
686,firas,M,6,6,1.0
687,flavia,F,7,7,1.0
688,flavie,F,185,185,1.0
689,flavien,M,43,43,1.0
690,flavio,M,43,43,1.0
691,fleur,F,127,127,1.0
692,flora,F,341,341,1.0
693,flore,F,173,173,1.0
694,florence,F,23,23,1.0
695,florent,M,181,181,1.0
696,florentin,M,6,6,1.0
697,florian,M,763,763,1.0
698,floriane,F,30,30,1.0
699,fode,M,17,17,1.0
700,foucauld,M,12,12,1.0
701,francesca,F,24,24,1.0
702,francis,M,6,6,1.0
703,franck,M,80,80,1.0
704,franklin,M,5,5,1.0
705,françois,M,314,314,1.0
706,frederic,M,70,70,1.0
707,frida,F,5,5,1.0
708,frédéric,M,5,5,1.0
709,félix,M,198,198,1.0
710,gabin,M,1136,1136,1.0
711,gabriel,M,4304,4304,1.0
712,gabriela,F,76,76,1.0
713,gabriella,F,56,56,1.0
714,gabrielle,F,1044,1044,1.0
715,gad,M,6,6,1.0
716,gaetan,M,52,52,1.0
717,garance,F,596,596,1.0
718,gary,M,26,26,1.0
719,gaspar,M,43,43,1.0
720,gaspard,M,1578,1578,1.0
721,gaston,M,108,108,1.0
722,gauthier,M,222,222,1.0
723,gautier,M,48,48,1.0
724,gaétan,M,12,12,1.0
725,gaël,M,273,273,1.0
726,gaëlle,F,70,70,1.0
727,gaëtan,M,209,209,1.0
728,gaïa,F,65,65,1.0
729,geoffrey,M,13,13,1.0
730,geoffroy,M,10,10,1.0
731,george,M,5,5,1.0
732,georges,M,143,143,1.0
733,georgia,F,5,5,1.0
734,germain,M,20,20,1.0
735,giacomo,M,5,5,1.0
736,gianni,M,63,63,1.0
737,giovanni,M,91,91,1.0
738,giulia,F,217,217,1.0
739,giulian,M,5,5,1.0
740,giulio,M,12,12,1.0
741,gladys,F,6,6,1.0
742,gloria,F,70,70,1.0
743,gonzague,M,8,8,1.0
744,goundo,F,29,29,1.0
745,grace,F,103,103,1.0
746,gregoire,M,367,367,1.0
747,gregory,M,10,10,1.0
748,grâce,F,47,47,1.0
749,grégoire,M,114,114,1.0
750,grégory,M,37,37,1.0
751,guilhem,M,215,215,1.0
752,guillaume,M,807,807,1.0
753,guillemette,F,15,15,1.0
754,gustave,M,269,269,1.0
755,guy,M,6,6,1.0
756,gwenaëlle,F,11,11,1.0
757,gwendal,M,21,21,1.0
759,gwendoline,M,14,19,0.736842105263
760,habib,M,18,18,1.0
761,habiba,F,5,5,1.0
762,haby,F,40,40,1.0
763,hadja,F,5,5,1.0
764,hadriel,M,5,5,1.0
765,hadrien,M,346,346,1.0
766,hafsa,F,25,25,1.0
767,hajar,F,79,79,1.0
768,hakim,M,14,14,1.0
769,halima,F,41,41,1.0
770,hamed,M,16,16,1.0
771,hamidou,M,6,6,1.0
772,hamza,M,349,349,1.0
773,hana,F,132,132,1.0
774,hanae,F,104,104,1.0
775,hanaé,F,40,40,1.0
776,hania,F,11,11,1.0
777,hanna,F,231,231,1.0
778,hannah,F,219,219,1.0
779,harold,M,18,18,1.0
780,haron,M,13,13,1.0
781,haroun,M,28,28,1.0
782,harouna,M,11,11,1.0
783,haroune,M,5,5,1.0
784,harry,M,66,66,1.0
785,hasna,F,11,11,1.0
786,hassan,M,24,24,1.0
787,hassane,M,5,5,1.0
788,hatem,M,11,11,1.0
789,hatouma,F,5,5,1.0
790,hawa,F,212,212,1.0
791,haya,F,30,30,1.0
792,hayden,M,44,44,1.0
793,haïm,M,7,7,1.0
794,hector,M,355,355,1.0
795,hedi,M,48,48,1.0
796,helena,F,96,96,1.0
797,helie,M,17,17,1.0
798,helios,M,7,7,1.0
799,heloïse,F,703,703,1.0
800,helèna,F,6,6,1.0
801,helène,F,247,247,1.0
802,henri,M,249,249,1.0
803,henry,M,67,67,1.0
804,hermine,F,65,65,1.0
805,hiba,F,33,33,1.0
806,hicham,M,27,27,1.0
807,hichem,M,5,5,1.0
808,hillel,M,23,23,1.0
809,hind,F,42,42,1.0
810,hippolyte,M,368,368,1.0
811,honore,M,9,9,1.0
812,hortense,F,240,240,1.0
813,houda,F,17,17,1.0
814,hubert,M,28,28,1.0
815,hugo,M,3218,3218,1.0
816,hugues,M,46,46,1.0
817,hélia,F,5,5,1.0
818,héloïse,F,287,287,1.0
819,hélène,F,24,24,1.0
820,ian,M,55,55,1.0
821,iban,M,35,35,1.0
822,ibrahim,M,533,533,1.0
823,ibrahima,M,173,173,1.0
824,idan,M,6,6,1.0
825,idir,M,16,16,1.0
826,idris,M,37,37,1.0
827,idriss,M,137,137,1.0
828,idrissa,M,27,27,1.0
829,igor,M,16,16,1.0
830,ikram,F,16,16,1.0
831,ilan,M,537,537,1.0
832,ilana,F,78,78,1.0
833,ilann,M,5,5,1.0
834,ilham,F,5,5,1.0
835,ilhan,M,81,81,1.0
836,ilian,M,318,318,1.0
837,iliana,F,25,25,1.0
838,iliane,M,5,5,1.0
839,ilias,M,83,83,1.0
840,ilies,M,52,52,1.0
841,iliès,M,5,5,1.0
842,ilona,F,276,276,1.0
843,ilyan,M,99,99,1.0
844,ilyana,F,57,57,1.0
845,ilyane,M,5,5,1.0
846,ilyas,M,156,156,1.0
847,ilyass,M,6,6,1.0
848,ilyes,M,471,471,1.0
849,ilyess,M,20,20,1.0
850,ilyès,M,133,133,1.0
851,imad,M,25,25,1.0
852,iman,F,63,63,1.0
853,imane,F,343,343,1.0
854,imanol,M,6,6,1.0
855,imen,F,53,53,1.0
856,imene,F,36,36,1.0
857,imran,M,62,62,1.0
858,imrane,M,48,48,1.0
859,imène,F,52,52,1.0
860,inaya,F,289,289,1.0
861,ines,F,696,696,1.0
862,inna,F,6,6,1.0
863,inza,M,5,5,1.0
864,inès,F,3465,3465,1.0
865,inés,F,43,43,1.0
866,inës,F,7,7,1.0
867,irina,F,47,47,1.0
868,iris,F,613,613,1.0
869,irène,F,150,150,1.0
870,isaac,M,487,487,1.0
871,isabella,F,7,7,1.0
872,isabelle,F,122,122,1.0
873,isadora,F,5,5,1.0
874,isaure,F,221,221,1.0
875,isee,F,6,6,1.0
876,iseult,F,6,6,1.0
877,ishaq,M,6,6,1.0
878,isidore,M,14,14,1.0
879,isis,F,49,49,1.0
880,islam,M,8,8,1.0
881,ismael,M,92,92,1.0
882,ismail,M,6,6,1.0
883,ismaël,M,584,584,1.0
884,ismaïl,M,90,90,1.0
885,isra,F,33,33,1.0
886,israël,M,8,8,1.0
887,issa,M,196,196,1.0
888,issam,M,87,87,1.0
889,issiaka,M,5,5,1.0
890,ivan,M,137,137,1.0
891,iwan,M,5,5,1.0
892,iyad,M,43,43,1.0
893,iyed,M,43,43,1.0
894,izia,F,45,45,1.0
895,jack,M,47,47,1.0
896,jacob,M,29,29,1.0
897,jacqueline,F,5,5,1.0
898,jacques,M,184,184,1.0
899,jad,M,102,102,1.0
900,jade,F,2770,2770,1.0
901,jaden,M,29,29,1.0
902,jalil,M,26,26,1.0
903,james,M,155,155,1.0
904,jan,M,14,14,1.0
905,jana,F,80,80,1.0
906,jane,F,20,20,1.0
907,janelle,F,7,7,1.0
908,janna,F,64,64,1.0
909,jarod,M,22,22,1.0
910,jasmine,F,249,249,1.0
911,jason,M,148,148,1.0
912,jassem,M,5,5,1.0
913,jawad,M,38,38,1.0
914,jawed,M,5,5,1.0
915,jayden,M,25,25,1.0
916,jayson,M,20,20,1.0
917,jean,M,964,964,1.0
918,jean-baptiste,M,192,192,1.0
919,jean-marc,M,7,7,1.0
920,jeanne,F,2584,2584,1.0
921,jehanne,F,5,5,1.0
922,jenna,F,85,85,1.0
923,jennifer,F,31,31,1.0
924,jenny,F,13,13,1.0
925,jeremie,M,151,151,1.0
926,jeremy,M,272,272,1.0
927,jerôme,M,41,41,1.0
928,jessica,F,231,231,1.0
929,jessie,F,6,6,1.0
930,jibril,M,44,44,1.0
931,jihane,F,13,13,1.0
932,jim,M,9,9,1.0
933,jimmy,M,55,55,1.0
934,jinane,F,5,5,1.0
935,joachim,M,261,261,1.0
936,joakim,M,14,14,1.0
937,joan,M,96,96,1.0
938,joana,F,86,86,1.0
939,joanna,F,15,15,1.0
940,joanne,F,11,11,1.0
941,joaquim,M,46,46,1.0
942,joe,M,11,11,1.0
943,joey,M,39,39,1.0
944,johan,M,297,297,1.0
945,johann,M,51,51,1.0
946,johanna,F,82,82,1.0
947,john,M,68,68,1.0
948,johnny,M,6,6,1.0
949,jonah,M,18,18,1.0
950,jonas,M,192,192,1.0
951,jonathan,M,334,334,1.0
952,jordan,M,251,251,1.0
953,joris,M,106,106,1.0
954,joseph,M,1058,1058,1.0
955,josephine,F,649,649,1.0
956,josh,M,24,24,1.0
957,joshua,M,407,407,1.0
958,josue,M,31,31,1.0
959,joséphine,F,138,138,1.0
960,joy,F,24,24,1.0
961,joyce,F,57,57,1.0
962,joël,M,46,46,1.0
963,joëlle,F,6,6,1.0
964,juan,M,11,11,1.0
965,jude,M,22,22,1.0
966,judith,F,213,213,1.0
967,jules,M,3374,3374,1.0
968,julia,F,1209,1209,1.0
969,julian,M,347,347,1.0
970,juliana,F,12,12,1.0
971,juliann,M,5,5,1.0
972,julianne,F,6,6,1.0
973,julie,F,1630,1630,1.0
974,julien,M,1433,1433,1.0
975,juliette,F,2595,2595,1.0
976,juline,F,6,6,1.0
977,june,F,46,46,1.0
978,junior,M,5,5,1.0
979,junon,F,12,12,1.0
980,justin,M,224,224,1.0
981,justine,F,1077,1077,1.0
982,jérémie,M,24,24,1.0
983,jérémy,M,185,185,1.0
984,kacper,M,6,6,1.0
985,kadiatou,F,77,77,1.0
986,kadidia,F,12,12,1.0
987,kadidiatou,F,31,31,1.0
988,kady,F,22,22,1.0
989,kahina,F,48,48,1.0
990,kamel,M,7,7,1.0
991,kamelia,F,5,5,1.0
992,kamil,M,81,81,1.0
993,kamila,F,8,8,1.0
994,karamba,M,7,7,1.0
995,karamoko,M,6,6,1.0
996,karen,F,6,6,1.0
997,karim,M,173,173,1.0
998,karine,F,29,29,1.0
999,karl,M,116,116,1.0
1000,karla,F,6,6,1.0
1001,karolina,F,13,13,1.0
1002,kassim,M,6,6,1.0
1003,kate,F,6,6,1.0
1004,katell,F,27,27,1.0
1005,kathleen,F,6,6,1.0
1006,katia,F,51,51,1.0
1007,kawtar,F,16,16,1.0
1008,kayla,F,12,12,1.0
1009,kayliah,F,6,6,1.0
1010,kayna,F,13,13,1.0
1011,kays,M,6,6,1.0
1012,kaïna,F,12,12,1.0
1013,kaïs,M,296,296,1.0
1014,keira,F,5,5,1.0
1015,kelly,F,212,212,1.0
1016,kelvin,M,6,6,1.0
1017,kelya,F,5,5,1.0
1018,kelyan,M,57,57,1.0
1019,kenan,M,11,11,1.0
1020,kenny,M,66,66,1.0
1021,kentin,M,6,6,1.0
1022,kenza,F,465,465,1.0
1023,kenzi,M,25,25,1.0
1024,kenzo,M,299,299,1.0
1025,kenzy,M,17,17,1.0
1026,kerem,M,6,6,1.0
1027,keren,F,72,72,1.0
1028,ketsia,F,14,14,1.0
1029,kevin,M,562,562,1.0
1030,keyla,F,5,5,1.0
1031,khadidiatou,F,5,5,1.0
1032,khadidja,F,39,39,1.0
1033,khadija,F,121,121,1.0
1034,khady,F,12,12,1.0
1035,khalil,M,61,61,1.0
1036,kheira,F,11,11,1.0
1037,kiara,F,116,116,1.0
1038,kilian,M,241,241,1.0
1039,killian,M,356,356,1.0
1040,kilyan,M,18,18,1.0
1041,kim,F,102,102,1.0
1042,klara,F,28,28,1.0
1043,klervi,F,7,7,1.0
1044,kyle,M,14,14,1.0
1045,kylian,M,721,721,1.0
1046,kyliann,M,6,6,1.0
1047,kyllian,M,138,138,1.0
1048,kélia,F,15,15,1.0
1049,kélian,M,5,5,1.0
1050,kélya,F,11,11,1.0
1051,kévin,M,128,128,1.0
1052,ladji,M,14,14,1.0
1053,laetitia,F,161,161,1.0
1054,lahna,F,46,46,1.0
1055,lalie,F,72,72,1.0
1056,laly,F,44,44,1.0
1057,lamia,F,19,19,1.0
1058,lamine,M,88,88,1.0
1059,lana,F,526,526,1.0
1060,lancelot,M,40,40,1.0
1061,lara,F,220,220,1.0
1062,lassana,M,100,100,1.0
1063,laszlo,M,8,8,1.0
1064,latifa,F,6,6,1.0
1065,laura,F,1384,1384,1.0
1066,laure,F,212,212,1.0
1067,lauren,F,46,46,1.0
1068,laurent,M,98,98,1.0
1069,lauriane,F,25,25,1.0
1070,laurie,F,22,22,1.0
1071,laurine,F,140,140,1.0
1072,lauryn,F,6,6,1.0
1073,lauryne,F,20,20,1.0
1074,laurène,F,20,20,1.0
1075,layana,F,5,5,1.0
1076,lazar,M,7,7,1.0
1077,lazare,M,53,53,1.0
1078,laëtitia,F,62,62,1.0
1079,lea,F,1631,1631,1.0
1080,leana,F,87,87,1.0
1081,leandre,M,140,140,1.0
1082,leandro,M,42,42,1.0
1083,leane,F,187,187,1.0
1084,leanne,F,6,6,1.0
1085,leelou,F,19,19,1.0
1086,lehna,F,15,15,1.0
1087,leila,F,13,13,1.0
1088,lena,F,849,849,1.0
1089,leni,F,15,15,1.0
1090,lenny,M,738,738,1.0
1091,leny,M,76,76,1.0
1092,lenzo,M,6,6,1.0
1093,leo,M,1196,1196,1.0
1094,leo-paul,M,20,20,1.0
1095,leon,M,394,394,1.0
1096,leonard,M,405,405,1.0
1097,leonardo,M,56,56,1.0
1098,leonie,F,407,407,1.0
1099,leonor,F,16,16,1.0
1100,leonore,F,113,113,1.0
1101,leontine,F,5,5,1.0
1102,leopold,M,261,261,1.0
1103,leopoldine,F,61,61,1.0
1104,leslie,F,23,23,1.0
1105,leticia,F,5,5,1.0
1106,levana,F,24,24,1.0
1107,levi,M,16,16,1.0
1108,leyla,F,11,11,1.0
1109,leyna,F,41,41,1.0
1110,leïa,F,6,6,1.0
1111,leïla,F,199,199,1.0
1112,leïna,F,20,20,1.0
1113,lia,F,88,88,1.0
1114,liam,M,860,860,1.0
1115,liana,F,19,19,1.0
1116,lila,F,631,631,1.0
1117,lilas,F,124,124,1.0
1118,lili,F,321,321,1.0
1119,lili-rose,F,17,17,1.0
1120,lilia,F,411,411,1.0
1121,lilian,M,571,571,1.0
1122,liliana,F,8,8,1.0
1123,liliane,F,17,17,1.0
1124,lilie,F,42,42,1.0
1125,lilly,F,109,109,1.0
1126,lilou,F,1310,1310,1.0
1127,liloue,F,7,7,1.0
1128,lilwenn,F,34,34,1.0
1129,lily,F,824,824,1.0
1130,lily-rose,F,106,106,1.0
1131,lilya,F,109,109,1.0
1132,lina,F,1991,1991,1.0
1133,linda,F,98,98,1.0
1134,lindsay,F,66,66,1.0
1135,line,F,95,95,1.0
1136,lino,M,201,201,1.0
1137,linoy,F,5,5,1.0
1138,linoï,F,23,23,1.0
1139,lior,M,92,92,1.0
1140,liora,F,83,83,1.0
1141,lirone,M,16,16,1.0
1142,lisa,F,1852,1852,1.0
1143,lisandro,M,17,17,1.0
1144,lise,F,684,684,1.0
1145,lison,F,323,323,1.0
1146,lital,F,7,7,1.0
1147,liv,F,101,101,1.0
1148,livia,F,126,126,1.0
1149,livio,M,11,11,1.0
1150,liya,F,25,25,1.0
1151,liyah,F,5,5,1.0
1152,liz,F,12,12,1.0
1153,liza,F,38,38,1.0
1154,lizéa,F,5,5,1.0
1156,loan,M,263,276,0.952898550725
1157,loane,F,262,262,1.0
1158,loann,M,12,12,1.0
1159,logan,M,80,80,1.0
1160,lohan,M,64,64,1.0
1161,lola,F,2066,2066,1.0
1162,lorena,F,6,6,1.0
1163,lorenzo,M,637,637,1.0
1164,loris,M,217,217,1.0
1165,lorraine,F,15,15,1.0
1166,lou,F,1888,1893,0.99735868991
1168,lou-ann,F,226,226,1.0
1169,lou-anne,F,172,172,1.0
1170,louan,M,5,5,1.0
1171,louane,F,488,488,1.0
1172,louann,F,71,71,1.0
1173,louanne,F,50,50,1.0
1174,louay,M,7,7,1.0
1175,loubna,F,29,29,1.0
1176,louca,M,27,27,1.0
1177,louis,M,4117,4117,1.0
1178,louis-marie,F,6,6,1.0
1179,louisa,F,306,306,1.0
1180,louise,F,4076,4076,1.0
1181,louison,F,230,254,0.905511811024
1183,louka,M,281,281,1.0
1184,loula,F,6,6,1.0
1185,louna,F,855,855,1.0
1186,lounis,M,11,11,1.0
1187,loup,M,26,26,1.0
1188,loïc,M,458,458,1.0
1189,loïck,M,5,5,1.0
1191,loïs,M,156,172,0.906976744186
1192,loïse,F,11,11,1.0
1193,lubin,M,84,84,1.0
1194,luc,M,280,280,1.0
1195,luca,M,518,518,1.0
1196,lucas,M,3979,3979,1.0
1197,luce,F,98,98,1.0
1198,lucia,F,97,97,1.0
1199,lucie,F,2356,2356,1.0
1200,lucien,M,563,563,1.0
1201,lucile,F,529,529,1.0
1202,lucille,F,104,104,1.0
1203,lucy,F,92,92,1.0
1204,ludivine,F,238,238,1.0
1205,ludmila,F,28,28,1.0
1206,ludovic,M,99,99,1.0
1207,luigi,M,11,11,1.0
1208,luis,M,29,29,1.0
1209,luisa,F,13,13,1.0
1210,luka,M,309,309,1.0
1211,lukas,M,206,206,1.0
1212,luke,M,17,17,1.0
1213,lula,F,6,6,1.0
1214,luna,F,880,880,1.0
1215,luz,F,13,13,1.0
1216,lya,F,114,114,1.0
1217,lyam,M,48,48,1.0
1218,lyana,F,17,17,1.0
1219,lydia,F,116,116,1.0
1220,lyes,M,37,37,1.0
1221,lyla,F,7,7,1.0
1222,lylia,F,56,56,1.0
1223,lylou,F,81,81,1.0
1224,lyna,F,365,365,1.0
1225,lyne,F,13,13,1.0
1226,lynn,F,13,13,1.0
1227,léa,F,1755,1755,1.0
1228,léana,F,136,136,1.0
1229,léandre,M,71,71,1.0
1230,léandro,M,16,16,1.0
1231,léane,F,255,255,1.0
1232,léia,F,5,5,1.0
1233,léna,F,884,884,1.0
1234,léni,M,12,12,1.0
1235,lény,M,7,7,1.0
1236,léo,M,1507,1507,1.0
1237,léon,M,233,233,1.0
1238,léonard,M,67,67,1.0
1239,léonie,F,535,535,1.0
1240,léonore,F,6,6,1.0
1241,léopold,M,43,43,1.0
1242,maayane,F,6,6,1.0
1243,maceo,M,80,80,1.0
1244,macéo,M,17,17,1.0
1245,madeleine,F,397,397,1.0
1246,madina,F,12,12,1.0
1247,mady,F,6,6,1.0
1248,mae,F,109,109,1.0
1249,mael,M,136,136,1.0
1250,maelle,F,23,23,1.0
1251,maelys,F,99,99,1.0
1252,maeva,F,271,271,1.0
1253,magdalena,F,15,15,1.0
1254,mahamadou,M,119,119,1.0
1255,mahault,F,56,56,1.0
1256,mahaut,F,125,125,1.0
1257,mahdi,M,22,22,1.0
1258,mahe,M,101,101,1.0
1259,mahmoud,M,14,14,1.0
1260,mahé,M,37,37,1.0
1261,mai,F,8,8,1.0
1262,maia,F,10,10,1.0
1263,makan,M,9,9,1.0
1264,maksim,M,6,6,1.0
1265,malak,F,109,109,1.0
1266,malcolm,M,17,17,1.0
1267,malek,F,55,55,1.0
1268,malia,F,40,40,1.0
1269,malick,M,36,36,1.0
1270,malik,M,168,168,1.0
1271,malika,F,8,8,1.0
1272,malo,M,808,808,1.0
1273,malone,M,31,31,1.0
1274,malorie,F,5,5,1.0
1275,malou,F,7,7,1.0
1276,mamadou,M,329,329,1.0
1277,mamoudou,M,16,16,1.0
1278,manal,F,7,7,1.0
1279,manar,M,6,6,1.0
1280,manel,F,372,372,1.0
1281,manelle,F,56,56,1.0
1282,manil,M,5,5,1.0
1283,manon,F,3349,3349,1.0
1284,manuel,M,21,21,1.0
1285,manuela,F,21,21,1.0
1286,mara,F,5,5,1.0
1287,marc,M,357,357,1.0
1288,marc-antoine,M,22,22,1.0
1289,marceau,M,218,218,1.0
1290,marcel,M,87,87,1.0
1291,marco,M,118,118,1.0
1292,marcus,M,118,118,1.0
1293,margaux,F,1347,1347,1.0
1294,margo,F,8,8,1.0
1295,margot,F,1328,1328,1.0
1296,marguerite,F,216,216,1.0
1297,maria,F,302,302,1.0
1298,mariam,F,380,380,1.0
1299,mariama,F,113,113,1.0
1300,mariame,F,77,77,1.0
1301,marianne,F,146,146,1.0
1302,marie,F,2199,2199,1.0
1303,marie-ange,F,5,5,1.0
1304,marie-lou,F,49,49,1.0
1305,mariem,F,5,5,1.0
1306,marilou,F,200,200,1.0
1307,marin,M,336,336,1.0
1308,marina,F,185,185,1.0
1309,marine,F,703,703,1.0
1310,mario,M,26,26,1.0
1311,marion,F,856,856,1.0
1312,marius,M,913,913,1.0
1313,marjane,F,20,20,1.0
1314,marjorie,F,6,6,1.0
1315,mark,M,6,6,1.0
1316,marko,M,45,45,1.0
1317,marley,M,43,43,1.0
1318,marlon,M,25,25,1.0
1319,marnie,F,6,6,1.0
1320,marouane,M,27,27,1.0
1321,martha,F,5,5,1.0
1322,marthe,F,60,60,1.0
1323,martin,M,1868,1868,1.0
1324,marvin,M,102,102,1.0
1325,marwa,F,219,219,1.0
1326,marwan,M,199,199,1.0
1327,marwane,M,80,80,1.0
1328,marwen,F,7,7,1.0
1329,maryam,F,203,203,1.0
1330,marylou,F,67,67,1.0
1331,massinissa,M,7,7,1.0
1332,mateja,M,12,12,1.0
1333,mateo,M,281,281,1.0
1334,matheo,M,378,378,1.0
1335,mathias,M,736,736,1.0
1336,mathieu,M,1144,1144,1.0
1337,mathilda,F,46,46,1.0
1338,mathilde,F,2282,2282,1.0
1339,mathis,M,2633,2633,1.0
1340,mathurin,M,61,61,1.0
1341,mathys,M,703,703,1.0
1342,mathéo,M,893,893,1.0
1343,matias,M,73,73,1.0
1344,matilda,F,13,13,1.0
1345,matilde,F,7,7,1.0
1346,matis,M,207,207,1.0
1347,matisse,M,95,95,1.0
1348,matt,M,26,26,1.0
1349,matteo,M,733,733,1.0
1350,mattheo,M,6,6,1.0
1351,matthew,M,34,34,1.0
1352,matthias,M,241,241,1.0
1353,matthieu,M,893,893,1.0
1354,matthis,M,11,11,1.0
1355,matthéo,M,5,5,1.0
1356,mattia,M,13,13,1.0
1357,mattis,M,9,9,1.0
1358,mattéo,M,549,549,1.0
1359,matys,M,50,50,1.0
1360,matéo,M,372,372,1.0
1361,maud,F,224,224,1.0
1362,maude,F,9,9,1.0
1363,maureen,F,14,14,1.0
1364,max,M,432,432,1.0
1365,maxance,M,5,5,1.0
1366,maxence,M,1602,1602,1.0
1367,maxens,M,5,5,1.0
1368,maxim,M,101,101,1.0
1369,maxime,M,3428,3428,1.0
1370,maximilian,M,7,7,1.0
1371,maximilien,M,242,242,1.0
1372,maxine,F,51,51,1.0
1373,may,F,23,23,1.0
1374,maya,F,864,864,1.0
1375,mayane,F,7,7,1.0
1376,mayar,F,5,5,1.0
1377,mayeul,M,90,90,1.0
1378,mayline,F,7,7,1.0
1379,maylis,F,202,202,1.0
1380,mayron,M,6,6,1.0
1381,mayssa,F,102,102,1.0
1382,maé,F,39,62,0.629032258065
1384,maélie,F,6,6,1.0
1385,maélis,F,6,6,1.0
1386,maéva,F,87,87,1.0
1387,maël,M,1443,1443,1.0
1388,maëlia,F,5,5,1.0
1389,maëlie,F,66,66,1.0
1390,maëline,F,30,30,1.0
1391,maëlis,F,25,25,1.0
1392,maëlle,F,759,759,1.0
1393,maëly,F,14,14,1.0
1394,maëlya,F,5,5,1.0
1395,maëlyne,F,12,12,1.0
1396,maëlys,F,1154,1154,1.0
1397,maëva,F,362,362,1.0
1398,maï,F,5,5,1.0
1399,maïa,F,386,386,1.0
1400,maïly,F,18,18,1.0
1401,maïlys,F,262,262,1.0
1402,maïmouna,F,144,144,1.0
1403,maïna,F,16,16,1.0
1404,maïssa,F,321,321,1.0
1405,maïssane,F,48,48,1.0
1406,maïwenn,F,208,208,1.0
1407,mehdi,M,679,679,1.0
1408,mehmet,M,7,7,1.0
1409,melanie,F,163,163,1.0
1410,melchior,M,78,78,1.0
1411,melia,F,19,19,1.0
1412,melina,F,284,284,1.0
1413,melinda,F,6,6,1.0
1414,meline,F,107,107,1.0
1415,melissa,F,555,555,1.0
1416,mellina,F,56,56,1.0
1417,melodie,F,62,62,1.0
1418,melody,F,27,27,1.0
1419,melusine,F,5,5,1.0
1420,melvil,M,93,93,1.0
1421,melvin,M,172,172,1.0
1422,melvyn,M,64,64,1.0
1423,menahem,M,18,18,1.0
1424,mendel,M,21,21,1.0
1425,meriem,F,63,63,1.0
1426,merlin,M,126,126,1.0
1427,merwan,M,7,7,1.0
1428,meryam,F,18,18,1.0
1429,meryem,F,21,21,1.0
1430,meryl,F,9,9,1.0
1431,meïssa,F,19,19,1.0
1432,mia,F,276,276,1.0
1433,michael,M,36,36,1.0
1434,michaël,M,36,36,1.0
1435,michel,M,99,99,1.0
1436,michelle,F,27,27,1.0
1437,mickael,M,29,29,1.0
1438,mickaël,M,167,167,1.0
1439,miguel,M,34,34,1.0
1440,mika,M,12,12,1.0
1441,mikail,M,14,14,1.0
1442,mikaïl,M,5,5,1.0
1443,mike,M,7,7,1.0
1444,mila,F,735,735,1.0
1445,milan,M,354,354,1.0
1446,milena,F,49,49,1.0
1447,milhan,M,16,16,1.0
1448,milla,F,74,74,1.0
1449,milo,M,516,516,1.0
1450,mina,F,198,198,1.0
1451,minh,M,14,14,1.0
1452,mira,F,5,5,1.0
1453,miya,F,11,11,1.0
1454,moche,M,5,5,1.0
1455,modibo,M,6,6,1.0
1456,mody,M,14,14,1.0
1457,mohamed,M,2095,2095,1.0
1458,mohamed-ali,M,13,13,1.0
1459,mohamed-amine,M,146,146,1.0
1460,mohammad,M,6,6,1.0
1461,mohammed,M,194,194,1.0
1462,mona,F,184,184,1.0
1463,monica,F,10,10,1.0
1464,morgan,M,202,202,1.0
1465,morgane,F,612,612,1.0
1466,mory,M,6,6,1.0
1467,mouctar,M,5,5,1.0
1468,mouhamadou,M,5,5,1.0
1469,mouhamed,M,71,71,1.0
1470,mounir,M,6,6,1.0
1471,moussa,M,299,299,1.0
1472,moustafa,M,7,7,1.0
1473,moustapha,M,81,81,1.0
1474,moïra,F,13,13,1.0
1475,moïse,M,22,22,1.0
1476,muhammad,M,6,6,1.0
1477,muhammed,M,5,5,1.0
1478,mustafa,M,6,6,1.0
1479,mustapha,M,6,6,1.0
1480,mya,F,38,38,1.0
1481,myriam,F,554,554,1.0
1482,myrtille,F,14,14,1.0
1483,mélanie,F,112,112,1.0
1484,mélia,F,10,10,1.0
1485,mélina,F,255,255,1.0
1486,mélinda,F,12,12,1.0
1487,méline,F,166,166,1.0
1488,mélissa,F,416,416,1.0
1489,mélodie,F,11,11,1.0
1490,nabil,M,87,87,1.0
1491,nada,F,72,72,1.0
1492,nadia,F,73,73,1.0
1493,nadine,F,18,18,1.0
1494,nadir,M,79,79,1.0
1495,nael,M,177,177,1.0
1496,nahel,M,88,88,1.0
1497,nahil,M,52,52,1.0
1498,nahla,F,8,8,1.0
1499,nala,F,5,5,1.0
1500,naomi,F,283,283,1.0
1501,naomie,F,150,150,1.0
1502,nassim,M,368,368,1.0
1503,natacha,F,59,59,1.0
1504,natalia,F,47,47,1.0
1505,natan,M,16,16,1.0
1506,natasha,F,6,6,1.0
1507,nathalie,F,73,73,1.0
1508,nathan,M,3418,3418,1.0
1509,nathanael,M,9,9,1.0
1510,nathanaël,M,307,307,1.0
1511,nathaniel,M,38,38,1.0
1512,nathaël,M,25,25,1.0
1513,nawal,F,7,7,1.0
1514,nawel,F,138,138,1.0
1515,nawfel,M,11,11,1.0
1516,naya,F,29,29,1.0
1517,nayel,M,6,6,1.0
1518,nayla,F,71,71,1.0
1519,nazim,M,7,7,1.0
1520,naël,M,524,524,1.0
1521,naëlle,F,71,71,1.0
1522,naïa,F,12,12,1.0
1523,naïl,M,22,22,1.0
1524,naïla,F,99,99,1.0
1525,naïm,M,171,171,1.0
1526,naïma,F,12,12,1.0
1527,naïs,F,39,39,1.0
1528,neela,F,6,6,1.0
1529,neil,M,100,100,1.0
1530,nelia,F,41,41,1.0
1531,nell,F,108,108,1.0
1532,nelly,F,60,60,1.0
1533,nelson,M,88,88,1.0
1534,nelya,F,17,17,1.0
1535,nene,F,7,7,1.0
1536,neo,M,6,6,1.0
1537,nermine,F,6,6,1.0
1538,nesrine,F,142,142,1.0
1539,neyla,F,43,43,1.0
1540,neïla,F,66,66,1.0
1541,niame,F,5,5,1.0
1542,nicolas,M,1403,1403,1.0
1543,nicole,F,64,64,1.0
1544,niels,M,122,122,1.0
1545,nikita,M,50,50,1.0
1546,nikola,M,76,76,1.0
1547,nil,M,32,32,1.0
1548,nils,M,316,316,1.0
1549,nina,F,1616,1616,1.0
1550,nine,F,79,79,1.0
1551,nino,M,583,583,1.0
1552,ninon,F,482,482,1.0
1553,niouma,F,24,24,1.0
1554,nisa,F,6,6,1.0
1555,nizar,M,40,40,1.0
1556,noa,F,779,1432,0.543994413408
1558,noah,M,2079,2079,1.0
1559,noam,M,747,747,1.0
1560,noan,M,8,8,1.0
1561,noe,M,833,833,1.0
1562,noelie,F,29,29,1.0
1563,noemie,F,708,708,1.0
1564,noha,M,5,5,1.0
1565,noham,M,250,250,1.0
1566,nohan,M,14,14,1.0
1567,nola,F,24,24,1.0
1568,nolan,M,974,974,1.0
1569,nolann,M,150,150,1.0
1570,nolhan,M,115,115,1.0
1571,nolwenn,F,45,45,1.0
1572,noor,F,63,63,1.0
1573,nora,F,359,359,1.0
1574,norah,F,235,235,1.0
1575,nouha,M,12,12,1.0
1576,nour,F,543,543,1.0
1577,noura,F,20,20,1.0
1578,nourane,F,9,9,1.0
1579,noâm,M,5,5,1.0
1580,noé,M,706,706,1.0
1581,noélie,F,51,51,1.0
1582,noémie,F,656,656,1.0
1583,noëmie,F,6,6,1.0
1584,nélia,F,9,9,1.0
1585,oceane,F,506,506,1.0
1586,octave,M,311,311,1.0
1587,océane,F,725,725,1.0
1588,odelia,F,19,19,1.0
1589,olga,F,52,52,1.0
1590,oliver,M,12,12,1.0
1591,olivia,F,731,731,1.0
1592,olivier,M,257,257,1.0
1593,oliwia,F,5,5,1.0
1594,olympe,F,96,96,1.0
1595,olympia,F,6,6,1.0
1596,omar,M,223,223,1.0
1597,ombeline,F,86,86,1.0
1598,ondine,F,21,21,1.0
1599,ophelie,F,41,41,1.0
1600,ophélie,F,28,28,1.0
1601,orane,F,6,6,1.0
1602,oren,M,46,46,1.0
1603,oriane,F,197,197,1.0
1604,orlane,F,89,89,1.0
1605,ornella,F,110,110,1.0
1606,oscar,M,1395,1395,1.0
1607,oskar,M,8,8,1.0
1608,otto,M,6,6,1.0
1609,oumar,M,113,113,1.0
1610,oumou,F,145,145,1.0
1611,ousmane,M,150,150,1.0
1612,oussama,M,12,12,1.0
1613,owen,M,288,288,1.0
1614,pablo,M,569,569,1.0
1615,paco,M,30,30,1.0
1616,pacôme,M,87,87,1.0
1617,paloma,F,373,373,1.0
1618,paola,F,187,187,1.0
1619,paolo,M,160,160,1.0
1620,pascal,M,23,23,1.0
1621,patricia,F,20,20,1.0
1622,patrick,M,58,58,1.0
1623,paul,M,3860,3860,1.0
1624,paul-antoine,M,7,7,1.0
1625,paul-arthur,M,5,5,1.0
1626,paula,F,33,33,1.0
1627,paulin,M,15,15,1.0
1628,pauline,F,1756,1756,1.0
1629,pedro,M,7,7,1.0
1630,penda,F,8,8,1.0
1631,penelope,F,210,210,1.0
1632,perla,F,18,18,1.0
1633,perle,F,6,6,1.0
1634,perrine,F,122,122,1.0
1635,peter,M,5,5,1.0
1636,petronille,F,6,6,1.0
1637,pharell,M,7,7,1.0
1638,phileas,M,14,14,1.0
1639,philemon,M,30,30,1.0
1640,philippe,M,149,149,1.0
1641,philippine,F,206,206,1.0
1642,philomène,F,110,110,1.0
1643,pia,F,116,116,1.0
1644,pierre,M,1706,1706,1.0
1645,pierre-alexandre,M,6,6,1.0
1646,pierre-antoine,M,21,21,1.0
1647,pierre-louis,M,80,80,1.0
1648,pol,M,11,11,1.0
1649,preston,M,7,7,1.0
1650,prince,M,12,12,1.0
1651,prisca,F,18,18,1.0
1652,priscille,F,40,40,1.0
1653,prosper,M,5,5,1.0
1654,prudence,F,5,5,1.0
1655,prune,F,187,187,1.0
1656,pénélope,F,32,32,1.0
1657,quentin,M,1897,1897,1.0
1658,quitterie,F,58,58,1.0
1659,rachel,F,289,289,1.0
1660,rafael,M,376,376,1.0
1661,rafaël,M,288,288,1.0
1662,rahma,F,70,70,1.0
1663,ramata,F,13,13,1.0
1664,rami,M,41,41,1.0
1665,ramy,M,14,14,1.0
1666,rania,F,290,290,1.0
1667,ranim,F,5,5,1.0
1668,ranya,F,38,38,1.0
1669,raoul,M,20,20,1.0
1670,raphael,M,183,183,1.0
1671,raphaël,M,4011,4011,1.0
1672,raphaëlle,F,249,249,1.0
1673,rawane,F,6,6,1.0
1674,rayan,M,1808,1808,1.0
1675,rayane,M,524,524,1.0
1676,rayen,M,10,10,1.0
1677,rebecca,F,220,220,1.0
1678,reda,M,42,42,1.0
1679,remi,M,248,248,1.0
1680,remy,M,75,75,1.0
1681,riad,M,7,7,1.0
1682,ricardo,M,6,6,1.0
1683,richard,M,50,50,1.0
1684,rim,F,15,15,1.0
1685,rita,F,80,80,1.0
1686,rivka,F,13,13,1.0
1687,riyad,M,59,59,1.0
1688,robert,M,6,6,1.0
1689,robin,M,1006,1006,1.0
1690,robinson,M,97,97,1.0
1691,rodrigue,M,57,57,1.0
1692,rohan,M,7,7,1.0
1693,rokia,F,37,37,1.0
1694,romain,M,1823,1823,1.0
1695,roman,M,427,427,1.0
1696,romane,F,2057,2057,1.0
1697,romeo,M,204,204,1.0
1698,romy,F,331,331,1.0
1699,roméo,M,82,82,1.0
1700,ron,M,6,6,1.0
1701,ronan,M,63,63,1.0
1702,rosa,F,28,28,1.0
1703,rosalie,F,218,218,1.0
1704,rose,F,1381,1381,1.0
1705,roxane,F,435,435,1.0
1706,roxanne,F,33,33,1.0
1707,roy,M,6,6,1.0
1708,ruben,M,684,684,1.0
1709,rudy,M,30,30,1.0
1710,ruth,F,13,13,1.0
1711,ryad,M,85,85,1.0
1712,ryan,M,439,439,1.0
1713,rym,F,26,26,1.0
1714,rémi,M,250,250,1.0
1715,rémy,M,38,38,1.0
1716,saad,M,6,6,1.0
1717,sabri,M,42,42,1.0
1718,sabrina,F,208,208,1.0
1719,sabrine,F,24,24,1.0
1720,sacha,M,2333,2333,1.0
1721,sadio,F,53,53,1.0
1722,safa,F,67,67,1.0
1723,safia,F,71,71,1.0
1724,safiya,F,22,22,1.0
1725,sakina,F,6,6,1.0
1726,salim,M,120,120,1.0
1727,salimata,F,68,68,1.0
1728,sally,F,6,6,1.0
1729,salma,F,358,358,1.0
1730,salome,F,666,666,1.0
1731,salomé,F,438,438,1.0
1732,sam,M,161,161,1.0
1733,samantha,F,41,41,1.0
1734,samba,M,70,70,1.0
1735,sami,M,310,310,1.0
1736,samia,F,31,31,1.0
1737,samir,M,24,24,1.0
1738,samson,M,6,6,1.0
1739,samuel,M,1800,1800,1.0
1740,samy,M,492,492,1.0
1741,sana,F,131,131,1.0
1742,sanaa,F,14,14,1.0
1743,sandra,F,67,67,1.0
1744,sandro,M,139,139,1.0
1745,santiago,M,20,20,1.0
1746,sara,F,934,934,1.0
1747,sarah,F,3489,3489,1.0
1748,sarra,F,12,12,1.0
1749,sasha,F,594,715,0.830769230769
1751,saskia,F,7,7,1.0
1752,satine,F,36,36,1.0
1753,saul,M,20,20,1.0
1754,savannah,F,11,11,1.0
1755,saïd,M,39,39,1.0
1756,scarlett,F,44,44,1.0
1757,scott,M,8,8,1.0
1758,sean,M,48,48,1.0
1759,sebastian,M,29,29,1.0
1760,sebastien,M,146,146,1.0
1761,sekou,M,106,106,1.0
1762,selena,F,30,30,1.0
1763,selim,M,15,15,1.0
1764,selma,F,386,386,1.0
1765,selyan,M,39,39,1.0
1766,selène,F,12,12,1.0
1767,sephora,F,13,13,1.0
1768,serena,F,74,74,1.0
1769,serge,M,7,7,1.0
1770,serine,F,23,23,1.0
1771,seydou,M,21,21,1.0
1772,shana,F,266,266,1.0
1773,shani,F,6,6,1.0
1774,shanice,F,14,14,1.0
1775,shanna,F,33,33,1.0
1776,shannon,F,5,5,1.0
1777,shanon,F,6,6,1.0
1778,shany,F,15,15,1.0
1779,sharon,F,28,28,1.0
1780,shawn,M,7,7,1.0
1781,shayan,M,5,5,1.0
1782,shayma,F,6,6,1.0
1783,shayna,F,36,36,1.0
1784,shaï,M,80,80,1.0
1785,shaïly,F,21,21,1.0
1786,shaïma,F,24,24,1.0
1787,shaïna,F,66,66,1.0
1788,shelly,F,16,16,1.0
1789,sherine,F,39,39,1.0
1790,shirel,F,207,207,1.0
1791,shirine,F,5,5,1.0
1792,sibylle,F,93,93,1.0
1793,sidney,M,13,13,1.0
1794,sidonie,F,164,164,1.0
1795,sidy,M,6,6,1.0
1796,sienna,F,53,53,1.0
1797,siham,F,13,13,1.0
1798,sihem,F,5,5,1.0
1799,silas,M,14,14,1.0
1800,siloe,F,20,20,1.0
1801,simeon,M,63,63,1.0
1802,simon,M,1783,1783,1.0
1803,sira,F,42,42,1.0
1804,sirine,F,297,297,1.0
1805,sixtine,F,266,266,1.0
1806,skander,M,7,7,1.0
1807,soan,M,96,96,1.0
1808,soen,M,7,7,1.0
1809,sofia,F,885,885,1.0
1810,sofian,M,31,31,1.0
1811,sofiane,M,448,448,1.0
1812,sohan,M,58,58,1.0
1813,sohane,F,21,21,1.0
1814,solal,M,412,412,1.0
1815,solange,F,13,13,1.0
1816,solenn,F,56,56,1.0
1817,soline,F,119,119,1.0
1818,solveig,F,27,27,1.0
1819,solène,F,391,391,1.0
1820,sonia,F,185,185,1.0
1821,sophia,F,337,337,1.0
1822,sophie,F,492,492,1.0
1823,soraya,F,76,76,1.0
1824,soren,M,83,83,1.0
1825,soukaïna,F,5,5,1.0
1826,souleyman,M,19,19,1.0
1827,souleymane,M,179,179,1.0
1828,soumaya,F,25,25,1.0
1829,stacy,F,6,6,1.0
1830,stan,M,13,13,1.0
1831,stanislas,M,311,311,1.0
1832,stanley,M,16,16,1.0
1833,steeve,M,9,9,1.0
1834,stefan,M,23,23,1.0
1835,stella,F,481,481,1.0
1836,stephane,M,88,88,1.0
1837,stephanie,F,29,29,1.0
1838,steve,M,6,6,1.0
1839,steven,M,117,117,1.0
1840,suzanne,F,406,406,1.0
1841,suzie,F,12,12,1.0
1842,sven,M,6,6,1.0
1843,swan,M,44,44,1.0
1844,swann,M,173,173,1.0
1845,sybille,F,15,15,1.0
1846,sylvain,M,70,70,1.0
1847,sylvia,F,6,6,1.0
1848,sylvie,F,13,13,1.0
1849,syrine,F,185,185,1.0
1850,sébastien,M,66,66,1.0
1851,sélène,F,10,10,1.0
1852,séléna,F,22,22,1.0
1853,séréna,F,5,5,1.0
1854,taha,M,6,6,1.0
1855,tal,F,26,26,1.0
1856,tali,F,67,67,1.0
1857,talia,F,94,94,1.0
1858,talya,F,13,13,1.0
1859,tamara,F,54,54,1.0
1860,tancrède,M,35,35,1.0
1861,tanguy,M,96,96,1.0
1862,tania,F,95,95,1.0
1863,tanya,F,15,15,1.0
1864,tao,M,92,92,1.0
1865,tara,F,129,129,1.0
1866,tasnim,F,39,39,1.0
1867,tasnime,F,17,17,1.0
1868,tatiana,F,68,68,1.0
1869,taïna,F,13,13,1.0
1870,taïs,F,6,6,1.0
1871,tea,F,5,5,1.0
1872,teddy,M,66,66,1.0
1873,teo,M,96,96,1.0
1874,terence,M,39,39,1.0
1875,tesnime,F,11,11,1.0
1876,tess,F,339,339,1.0
1877,tessa,F,228,228,1.0
1878,thalia,F,73,73,1.0
1879,thaïs,F,461,461,1.0
1880,thea,F,98,98,1.0
1881,thelma,F,92,92,1.0
1882,theo,M,894,894,1.0
1883,theodore,M,311,311,1.0
1884,theophane,M,23,23,1.0
1885,theophile,M,296,296,1.0
1886,theotime,M,30,30,1.0
1887,therèse,F,6,6,1.0
1888,thiago,M,5,5,1.0
1889,thibaud,M,154,154,1.0
1890,thibault,M,747,747,1.0
1891,thibaut,M,218,218,1.0
1892,thierno,M,6,6,1.0
1893,thierry,M,58,58,1.0
1894,thiméo,M,5,5,1.0
1895,thomas,M,3593,3593,1.0
1896,théa,F,21,21,1.0
1897,théo,M,1482,1482,1.0
1898,théodore,M,30,30,1.0
1899,théophile,M,6,6,1.0
1900,tia,F,7,7,1.0
1901,tiago,M,321,321,1.0
1902,tiana,F,18,18,1.0
1903,tidiane,M,62,62,1.0
1904,tiffany,F,79,79,1.0
1905,tiguida,F,5,5,1.0
1906,tilio,M,7,7,1.0
1907,tim,M,102,102,1.0
1908,timeo,M,187,187,1.0
1909,timothe,M,208,208,1.0
1910,timothee,M,621,621,1.0
1911,timothé,M,215,215,1.0
1912,timothée,M,268,268,1.0
1913,timéo,M,699,699,1.0
1914,tina,F,56,56,1.0
1915,tino,M,7,7,1.0
1916,tiphaine,F,136,136,1.0
1917,titouan,M,1215,1215,1.0
1918,tobias,M,19,19,1.0
1919,tom,M,2158,2158,1.0
1920,toma,M,5,5,1.0
1921,tomas,M,21,21,1.0
1922,tommy,M,18,18,1.0
1923,tony,M,236,236,1.0
1924,toscane,F,42,42,1.0
1925,tracy,F,12,12,1.0
1926,tristan,M,1058,1058,1.0
1927,tsipora,F,5,5,1.0
1928,tybalt,M,7,7,1.0
1929,tymeo,M,5,5,1.0
1930,tyméo,M,16,16,1.0
1931,tyron,M,5,5,1.0
1932,téo,M,139,139,1.0
1933,ugo,M,151,151,1.0
1934,ulysse,M,512,512,1.0
1935,vadim,M,248,248,1.0
1936,valentin,M,1694,1694,1.0
1937,valentina,F,65,65,1.0
1938,valentine,F,1107,1107,1.0
1939,valentino,M,14,14,1.0
1940,valerie,M,12,12,1.0
1941,vanessa,F,128,128,1.0
1942,vasco,M,8,8,1.0
1943,vera,F,5,5,1.0
1944,vianney,M,63,63,1.0
1945,victoire,F,879,879,1.0
1946,victor,M,2751,2751,1.0
1947,victoria,F,977,977,1.0
1948,victorien,M,6,6,1.0
1949,viktor,M,73,73,1.0
1950,viktoria,F,5,5,1.0
1951,vincent,M,597,597,1.0
1952,violette,F,610,610,1.0
1953,virgil,M,6,6,1.0
1954,virgile,M,212,212,1.0
1955,virginie,F,8,8,1.0
1956,viviane,F,69,69,1.0
1957,vivien,M,5,5,1.0
1958,vladimir,M,88,88,1.0
1959,wael,M,80,80,1.0
1960,walid,M,277,277,1.0
1961,wandrille,M,34,34,1.0
1962,warren,M,74,74,1.0
1963,wassim,M,365,365,1.0
1964,waël,M,59,59,1.0
1965,wendy,F,77,77,1.0
1966,wesley,M,44,44,1.0
1967,wiktoria,F,7,7,1.0
1968,wilfried,M,12,12,1.0
1969,william,M,875,875,1.0
1970,willy,M,21,21,1.0
1971,wilson,M,7,7,1.0
1972,wissam,F,6,6,1.0
1973,wissem,M,38,38,1.0
1974,xavier,M,143,143,1.0
1975,yacine,M,487,487,1.0
1976,yacouba,M,13,13,1.0
1977,yael,F,15,15,1.0
1978,yahya,M,14,14,1.0
1979,yamina,F,16,16,1.0
1980,yan,M,5,5,1.0
1981,yani,M,64,64,1.0
1982,yanis,M,2427,2427,1.0
1983,yaniss,M,11,11,1.0
1984,yann,M,596,596,1.0
1985,yanni,M,6,6,1.0
1986,yannick,M,83,83,1.0
1987,yannis,M,198,198,1.0
1988,yara,F,41,41,1.0
1989,yaron,M,7,7,1.0
1990,yasin,M,7,7,1.0
1991,yasmina,F,49,49,1.0
1992,yasmine,F,1017,1017,1.0
1993,yasser,M,14,14,1.0
1994,yassin,M,48,48,1.0
1995,yassine,M,494,494,1.0
1996,yaya,M,7,7,1.0
1997,yaël,F,132,163,0.80981595092
1999,yaëlle,F,7,7,1.0
2000,ylan,M,70,70,1.0
2001,yoan,M,180,180,1.0
2002,yoann,M,153,153,1.0
2003,yoav,M,12,12,1.0
2004,yoel,M,5,5,1.0
2005,yohan,M,246,246,1.0
2006,yohann,M,95,95,1.0
2007,yona,F,77,77,1.0
2008,yoni,M,32,32,1.0
2009,yossef,M,25,25,1.0
2010,youcef,M,109,109,1.0
2011,youenn,M,23,23,1.0
2012,youmna,F,6,6,1.0
2013,youna,F,36,36,1.0
2014,younes,M,286,286,1.0
2015,youness,M,5,5,1.0
2016,younès,M,76,76,1.0
2017,youri,M,28,28,1.0
2018,yousra,F,113,113,1.0
2019,youssef,M,458,458,1.0
2020,youssouf,M,126,126,1.0
2021,yoël,M,6,6,1.0
2022,yse,F,52,52,1.0
2023,ysee,F,49,49,1.0
2024,ysée,F,5,5,1.0
2025,yuna,F,107,107,1.0
2026,yuri,M,6,6,1.0
2027,yusuf,M,6,6,1.0
2028,yvan,M,45,45,1.0
2029,yves,M,18,18,1.0
2030,zacharia,M,5,5,1.0
2031,zacharie,M,188,188,1.0
2032,zachary,M,89,89,1.0
2033,zack,M,12,12,1.0
2034,zadig,M,35,35,1.0
2035,zahra,F,56,56,1.0
2036,zakaria,M,312,312,1.0
2037,zakariya,M,26,26,1.0
2038,zakary,M,17,17,1.0
2039,zakarya,M,27,27,1.0
2040,zayd,M,5,5,1.0
2041,zayneb,F,6,6,1.0
2042,zeinab,F,5,5,1.0
2043,zelie,F,192,192,1.0
2044,zephyr,M,6,6,1.0
2045,zia,F,11,11,1.0
2046,ziad,M,5,5,1.0
2047,zina,F,6,6,1.0
2048,zineb,F,33,33,1.0
2049,ziyad,M,20,20,1.0
2050,zoe,F,1124,1124,1.0
2051,zohra,F,6,6,1.0
2052,zoé,F,1156,1156,1.0
2053,zoë,F,12,12,1.0
2054,zuzanna,F,6,6,1.0
2055,zélie,F,158,158,1.0
2056,élisa,F,10,10,1.0
2057,élise,F,12,12,1.0
2058,élora,F,5,5,1.0
2059,éloïse,F,6,6,1.0
2060,éléa,F,38,38,1.0
2061,énora,F,6,6,1.0
2062,éthan,M,7,7,1.0
2063,éva,F,5,5,1.0
